,log_map_seed,log_map_r,log_map_on,lfsr_seed,lfsr_on,rossler_c,rossler_on,tent_map_seed,tent_map_r,tent_on,henon_map_x_seed,henon_map_y_seed,henon_map_a,henon_on,fitness
0,0.19878113843794112,3.815646143998264,0,00100000,0,18,0,0.05972700251911669,1.313151839079005,0,0.8219776788526689,0.9678792760965692,1.5583113503513601,0,13.570730171951597
1,0.19878113843794112,3.815646143998264,0,00100000,0,18,0,0.310022016874293,1.313151839079005,0,0.8219776788526689,0.9678792760965692,1.5583113503513601,0,17.263817880667894
2,0.19878113843794112,3.815646143998264,0,11011101,0,18,0,0.310022016874293,1.313151839079005,0,0.8219776788526689,0.9678792760965692,1.5583113503513601,0,17.27034026501225
3,0.19878113843794112,3.815646143998264,0,11011101,0,18,0,0.310022016874293,1.3495728744660136,0,0.8219776788526689,0.9678792760965692,1.5583113503513601,0,16.47146636364507
4,0.19878113843794112,3.815646143998264,0,11011101,0,18,1,0.310022016874293,1.313151839079005,0,0.8219776788526689,0.9678792760965692,1.5583113503513601,0,33.421001060336245
5,0.19878113843794112,3.815646143998264,0,11011101,0,18,1,0.310022016874293,1.313151839079005,0,0.8219776788526689,0.7243876759464337,1.5583113503513601,0,33.419693591547954
6,0.19878113843794112,3.815646143998264,0,11011101,0,18,1,0.310022016874293,1.313151839079005,0,0.45035200809408393,0.9678792760965692,1.5583113503513601,0,33.49034178490732
7,0.19878113843794112,3.815646143998264,0,11101111,0,18,1,0.310022016874293,1.313151839079005,0,0.45035200809408393,0.9678792760965692,1.5583113503513601,0,33.452366847617945
