,log_map_seed,log_map_r,log_map_on,lfsr_seed,lfsr_on,rossler_c,rossler_on,tent_map_seed,tent_map_r,tent_on,henon_map_x_seed,henon_map_y_seed,henon_map_a,henon_on,fitness
0,0.2529991714972711,3.8960178920007706,0,00101111,1,9,0,0.9863624760967521,1.6348911246127822,1,0.5274343651124074,0.13632228609849245,1.2294119671353356,1,31.64006100217865
1,0.2529991714972711,3.8960178920007706,0,00101111,1,9,0,0.9863624760967521,1.6348911246127822,1,0.5274343651124074,0.6269385945635728,1.2294119671353356,1,31.639716775599133
2,0.2529991714972711,3.8960178920007706,0,00101111,1,9,0,0.9863624760967521,1.6348911246127822,1,0.5274343651124074,0.3429152007644213,1.2294119671353356,1,31.64013071895425
3,0.2529991714972711,3.8960178920007706,0,00101111,1,9,0,0.9863624760967521,1.6348911246127822,1,0.5274343651124074,0.3429152007644213,1.2452369711334301,1,31.637952069716775
4,0.2529991714972711,3.8960178920007706,0,00101111,1,9,1,0.9863624760967521,1.6348911246127822,1,0.5274343651124074,0.3429152007644213,1.2294119671353356,1,31.592801742919395
5,0.2529991714972711,3.8960178920007706,0,00101111,0,9,0,0.9863624760967521,1.6348911246127822,1,0.5274343651124074,0.3429152007644213,1.2294119671353356,1,33.78568627450981
