,log_map_seed,log_map_r,log_map_on,lfsr_seed,lfsr_on,rossler_c,rossler_on,tent_map_seed,tent_map_r,tent_on,henon_map_x_seed,henon_map_y_seed,henon_map_a,henon_on,fitness
0,0.42578200189639964,3.686952662806905,0,01100100,0,9,0,0.8925192060896578,1.2546312179960708,0,0.6657479051711603,0.534949792294531,1.0736453296798694,1,59.79709885620915
1,0.42578200189639964,3.686952662806905,1,01100100,0,9,0,0.8925192060896578,1.2546312179960708,0,0.6657479051711603,0.534949792294531,1.0736453296798694,1,29.42247712418301
2,0.42578200189639964,3.686952662806905,0,01100100,0,9,0,0.8925192060896578,1.2546312179960708,0,0.6657479051711603,0.534949792294531,1.0736453296798694,1,59.79709885620915
3,0.42578200189639964,3.686952662806905,1,01100100,0,9,0,0.8925192060896578,1.2546312179960708,1,0.6657479051711603,0.534949792294531,1.0736453296798694,1,38.780936274509806
4,0.42578200189639964,3.805062971920605,1,01100100,0,9,0,0.8925192060896578,1.2546312179960708,0,0.6657479051711603,0.534949792294531,1.0736453296798694,1,33.465647875817
