,log_map_seed,log_map_r,log_map_on,lfsr_seed,lfsr_on,rossler_c,rossler_on,tent_map_seed,tent_map_r,tent_on,henon_map_x_seed,henon_map_y_seed,henon_map_a,henon_on,fitness
0,0.01,3.7,0,00000001,0,9.0,0,0.01,1.0,0,0.01,0.01,1.0,1,19.42683224400871
1,0.9010685566783386,3.819570468720406,1,00001001,1,8.928030136496417,1,0.9558861338142205,1.083088195645438,0,0.9761740859803187,0.9400504613915701,1.1052294502460571,1,33.51237472766885
2,0.9713218859325311,3.9260066046547917,1,00001101,0,9.10689704063241,0,0.1755032571477182,1.1817218917167305,1,0.43339481107190414,0.0953573250748665,1.2029165108209912,0,17.715433551198256
3,0.07206692743841492,0.033492068164651556,0,00010101,0,9.164858304877447,1,0.004773876689103701,1.2858499325828823,0,0.5510145653840393,0.04184956127152287,1.3235034489800361,1,33.28281481481481
4,0.3032539568852649,0.143033704183375,1,00011001,1,9.039034597214242,1,0.009451757895874977,1.3875182149462348,1,0.8073164912662704,0.16193906966897595,1.4158333773074787,0,33.446553376906316
5,0.11081747147855145,0.2399973646236782,1,00011010,0,9.180440236335485,0,0.8023868870020059,1.4943434252997272,0,0.039864470579125566,0.6244002344306161,1.5189565086340793,1,22.141420479302834
6,0.45694372826994045,0.3333972489879314,1,00011101,0,9.253203308932983,0,0.14818466405734365,1.5834256909405124,0,0.14093989876751428,0.006351321009816946,1.6113665573400988,1,33.624906318082786
7,0.29588471397020333,0.44386422024000866,0,00100110,0,9.365540169044225,1,0.17420337531669222,1.6848008329958672,1,0.6727852210953786,0.30089131453946605,1.6989781292174784,1,33.46770370370371
