,log_map_seed,log_map_r,log_map_on,lfsr_seed,lfsr_on,rossler_c,rossler_on,tent_map_seed,tent_map_r,tent_on,henon_map_x_seed,henon_map_y_seed,henon_map_a,henon_on,fitness
0,0.01,3.7,0,00000001,0,9.0,1,0.01,1.0,1,0.01,0.01,1.0,1,33.4889191272212
1,0.08068707866336526,3.7854156202789286,1,00001001,1,8.92803648864451,1,0.3809213515423412,1.1035992009292703,1,0.5345046813150377,0.1772581055530032,1.0911593095352234,0,33.54032030292585
2,0.09935675093374208,3.8784967166950253,0,00001011,0,9.008386376789126,1,0.45427626348136585,1.2114036818566623,1,0.16457199870874195,0.873003671152855,1.1794976198797185,0,33.39359059053309
3,0.41159223793609856,3.9675593387489316,0,00010001,0,9.21790853007909,1,0.3053384396222117,1.3048636534564433,1,0.25321739575196633,0.8092431613677353,1.2713999336948356,1,33.59900979434743
4,0.8069875235069662,0.07863835060407265,0,00010110,1,9.361643775946094,1,0.4857171707255307,1.414083274533503,0,0.5134782595545637,0.4280738240124907,1.383622430429419,0,33.40063955269608
5,0.6918373254424088,0.1762443717006994,1,00011110,1,9.298901667626984,1,0.7708455807886854,1.5068350776214148,1,0.6368883949146626,0.6297534324838631,1.4858776305915111,1,33.67903167126225
6,0.1020522394036294,0.278115379419226,1,00011111,1,9.37491891125799,1,0.6853666610398413,1.606114198379835,0,0.9059674316408161,0.976782281185399,1.5892812661815727,1,33.41331332337623
7,0.276997165317693,0.38067441804896207,0,00100100,0,9.60696886064605,1,0.7568911163038551,1.688209086205523,1,0.9571293786198658,0.4548551676980175,1.7056947942514935,0,33.47532384535846
8,0.528793507972261,0.48075937545533476,1,00100111,0,9.74648749978373,1,0.14833419098118927,1.7838563151327183,1,0.3844240493893589,0.997371945616365,1.8101363618872899,0,33.45657647824754
